Line,Component,MTBF,λ,cp,cc,PM_duration,x*,CR
1,1,14.56,2.305,14.03,9.63,4.84,14.9,0.7107
1,2,32.16,1.6444,15.01,14.11,2.35,25.84,0.5325
1,3,46.62,2.213,10.79,20.43,1.99,41.77,0.2466
1,4,22.12,1.6838,12.32,12.2,2.99,22.65,0.4805
1,5,25.64,1.9202,10.09,11.26,2.92,21.31,0.4164
1,6,43.58,2.42,15.56,16.73,1.54,51.28,0.2946
1,7,45.42,1.5866,16.15,11.49,3.43,39.81,0.3735
1,8,48.27,1.954,15.76,23.75,1.68,43.87,0.346
1,9,10.58,1.752,18.72,17.89,4.62,10.01,1.2796
1,10,49.2,2.0233,11.94,13.5,0.8,45.43,0.2583
1,11,52.69,2.2641,10.55,10.65,1.43,46.36,0.2208
1,12,24.79,2.0017,11.7,10.1,3.7,25.19,0.405
1,13,49.83,1.6717,20.39,20.29,4.09,48.08,0.3908
1,14,11.75,2.1658,19.59,20.94,2.74,12.16,1.3148
1,15,8.78,1.9498,21.91,23.17,3.84,7.96,1.8568
1,16,26.99,2.3986,20.29,23.0,4.51,30.93,0.5725
1,17,21.95,1.6783,16.27,13.51,1.39,18.75,0.8078
1,18,20.59,2.0723,15.2,24.35,2.35,22.7,0.6068
1,19,22.59,2.2444,11.95,12.6,0.97,20.3,0.5618
1,20,7.54,1.6317,19.51,18.4,4.33,7.62,1.6326
1,21,40.7,1.7332,14.64,16.77,4.36,38.63,0.3405
1,22,23.7,2.0435,21.85,21.59,0.6,26.57,0.8042
1,23,35.47,2.2409,15.33,19.69,3.39,36.48,0.3845
1,24,45.74,1.879,16.89,26.33,1.69,46.56,0.3501
1,25,41.04,2.4033,13.48,22.07,0.72,46.9,0.2831
1,26,27.25,1.5893,13.46,13.87,2.33,22.62,0.5395
1,27,50.34,1.9277,11.34,6.97,3.08,59.63,0.1808
1,28,49.21,1.9596,24.0,20.13,1.31,50.45,0.4637
2,29,56.85,1.5038,24.08,19.87,1.38,58.45,0.4025
2,30,52.26,1.9771,20.19,22.14,4.97,50.33,0.3651
2,31,20.09,2.0579,11.3,9.45,1.7,22.8,0.4612
2,32,36.05,2.4992,14.21,10.36,1.61,32.95,0.4112
2,33,48.4,2.4058,13.48,18.11,4.88,40.9,0.2945
2,34,52.72,2.1361,16.45,16.61,1.03,51.74,0.3117
2,35,59.4,1.5547,17.23,14.44,1.94,64.85,0.258
2,36,52.99,2.4387,22.76,23.54,4.07,48.83,0.4302
2,37,26.31,1.8169,14.28,18.78,2.47,22.08,0.5817
2,38,33.5,1.5571,13.29,11.32,0.78,37.52,0.347
2,39,45.41,1.9263,14.75,17.17,1.84,36.56,0.3841
2,40,48.55,1.9771,13.53,22.41,0.87,52.62,0.2529
2,41,31.0,2.0203,24.49,25.17,4.88,27.25,0.7622
2,42,15.96,2.1761,23.97,22.55,2.17,18.63,1.1524
2,43,54.63,1.6565,19.29,21.07,1.99,63.69,0.2937
2,44,13.35,1.6212,23.64,21.55,0.66,13.08,1.7205
2,45,37.54,1.5717,23.97,32.22,1.33,30.32,0.7573
2,46,22.31,2.128,23.64,26.22,1.56,25.96,0.859
2,47,57.63,1.5777,14.55,10.81,2.78,59.43,0.2339
2,48,57.65,2.0031,19.3,20.29,0.64,56.14,0.3399
2,49,14.8,1.6911,13.98,17.63,3.9,13.74,0.7925
2,50,30.07,2.4432,13.1,9.15,4.68,30.19,0.3757
2,51,29.79,2.4008,15.75,17.02,4.67,33.44,0.4133
2,52,4.2,1.8201,13.45,8.71,2.25,4.44,2.0105
2,53,18.7,1.5523,22.03,27.89,1.35,18.07,1.1344
2,54,58.76,1.7006,14.38,12.04,1.27,68.42,0.2063
2,55,38.46,1.9119,10.73,9.69,4.69,40.24,0.2388
2,56,6.22,1.903,20.47,25.03,3.33,5.21,2.397
3,57,27.92,1.6288,17.13,17.49,4.75,27.9,0.5247
3,58,21.36,2.312,20.1,19.06,4.37,23.61,0.7184
3,59,11.64,1.7287,10.3,16.09,4.44,11.39,0.6507
3,60,4.4,2.3194,18.11,25.73,1.96,5.2,2.5293
3,61,33.76,1.8997,19.63,15.52,4.78,38.39,0.4547
3,62,24.28,2.1605,12.98,15.47,2.49,23.44,0.5006
3,63,34.61,1.936,22.42,24.73,3.81,30.38,0.6557
3,64,34.05,2.4348,22.64,20.65,4.22,33.65,0.5978
3,65,12.81,1.5311,13.61,9.19,4.75,15.01,0.6888
3,66,36.47,2.167,15.18,17.49,4.58,31.9,0.4161
3,67,50.55,2.2668,15.65,10.65,1.92,45.32,0.3313
3,68,15.66,1.7505,14.2,12.73,4.08,17.95,0.6446
3,69,17.52,1.5785,21.21,21.93,1.94,20.74,0.9352
3,70,48.39,2.1038,10.6,15.67,2.59,41.66,0.2395
3,71,41.34,1.7843,18.8,19.65,3.03,37.45,0.4644
3,72,29.12,2.0377,21.76,21.28,3.4,25.05,0.7649
3,73,56.23,1.8831,10.31,8.72,3.72,64.74,0.1506
3,74,33.53,2.4299,17.36,17.98,2.55,30.14,0.531
3,75,54.38,2.4108,17.8,26.03,4.73,46.35,0.3485
3,76,37.65,1.5343,12.32,9.88,2.61,36.63,0.314
3,77,38.9,1.5744,12.74,12.2,2.64,39.78,0.3003
3,78,45.34,1.8356,16.49,16.03,3.88,36.6,0.4074
3,79,40.62,2.1186,11.29,12.75,1.72,43.7,0.2486
3,80,11.12,1.8567,22.53,19.19,3.06,12.85,1.4161
3,81,4.51,1.7014,19.2,14.67,4.81,3.66,2.2668
3,82,17.71,2.3815,20.81,26.07,2.23,15.52,1.1724
3,83,32.96,2.4081,10.99,17.57,4.07,38.33,0.2592
3,84,10.86,2.034,16.15,11.64,4.43,9.9,1.127
4,85,22.17,2.4451,16.91,20.21,1.59,22.05,0.7153
4,86,45.36,2.3669,20.04,21.66,3.22,38.69,0.4782
4,87,47.38,1.7648,20.8,24.55,4.68,46.3,0.408
4,88,38.6,2.27,24.44,28.6,0.74,43.58,0.5514
4,89,33.03,1.9618,18.71,24.0,1.74,34.74,0.5129
4,90,43.16,2.2111,22.9,19.74,0.5,38.7,0.5842
4,91,31.05,2.3868,21.25,19.58,2.05,37.16,0.542
4,92,47.14,1.7105,13.5,13.96,2.63,52.25,0.246
4,93,16.77,2.4222,15.7,14.94,3.06,17.17,0.7761
4,94,31.24,2.0049,22.19,18.11,1.09,34.57,0.6223
4,95,56.22,2.4473,12.03,7.82,2.0,65.98,0.177
4,96,14.28,1.7528,15.75,21.4,2.18,12.4,1.0802
4,97,18.96,2.0091,19.17,19.17,0.95,22.28,0.8252
4,98,55.09,2.4461,11.97,13.24,1.41,65.49,0.1789
4,99,52.12,1.61,16.35,14.45,4.75,42.66,0.3449
4,100,34.46,1.8386,19.2,26.5,2.5,33.55,0.5326
4,101,49.89,2.4056,17.98,13.31,0.82,53.25,0.3325
4,102,52.32,1.6629,22.8,26.92,4.11,60.77,0.3514
4,103,21.96,2.0523,10.66,16.22,0.49,19.82,0.5249
4,104,14.66,2.17,22.09,18.43,0.25,13.99,1.5513
4,105,31.15,1.855,24.46,26.65,1.77,30.28,0.7632
4,106,53.0,1.8015,21.38,27.94,0.7,43.54,0.4833
4,107,11.87,2.1225,17.56,14.54,1.24,14.0,1.1522
4,108,51.18,2.2224,11.59,7.71,0.62,60.97,0.1882
4,109,12.88,1.9875,19.59,17.6,1.98,11.72,1.4299
4,110,53.71,1.5406,22.49,23.02,4.59,43.64,0.4663
4,111,58.14,2.0266,15.44,17.37,1.69,47.43,0.3143
4,112,40.67,1.9427,13.69,12.07,4.76,43.97,0.2809
5,113,7.81,1.6938,21.07,20.08,1.27,6.92,2.5726
5,114,52.25,2.4422,15.28,10.63,2.71,47.41,0.3049
5,115,40.64,2.0336,15.94,21.85,4.73,40.84,0.3498
5,116,19.0,1.955,20.6,25.23,2.49,15.52,1.1438
5,117,31.79,2.0445,21.41,30.98,1.05,27.94,0.7385
5,118,53.02,2.2045,18.11,23.95,2.41,50.33,0.3434
5,119,31.62,2.0791,23.51,30.58,1.15,26.55,0.8487
5,120,37.83,1.621,17.91,17.03,0.62,31.61,0.5557
5,121,28.14,1.6748,18.42,23.02,4.94,23.58,0.6459
5,122,58.65,1.7863,19.75,20.42,2.26,59.51,0.3197
5,123,19.58,1.5616,23.43,27.43,1.02,16.18,1.3622
5,124,42.67,2.0724,15.45,15.14,2.17,50.7,0.2922
5,125,13.84,2.0971,16.7,17.48,2.26,13.76,1.0424
5,126,34.43,1.8048,11.29,14.86,1.11,37.05,0.2959
5,127,25.86,1.9158,15.52,12.69,2.48,27.55,0.5168
5,128,41.28,1.7862,12.9,8.06,2.44,47.83,0.2566
5,129,15.8,1.7275,11.91,14.51,1.58,13.49,0.7903
5,130,40.11,1.8397,18.36,17.92,3.61,33.95,0.4888
5,131,34.04,1.9371,19.06,29.05,1.52,35.51,0.5147
5,132,26.66,1.7252,17.19,18.59,1.47,25.26,0.6431
5,133,24.91,1.8835,19.76,24.43,4.22,28.08,0.6118
5,134,6.15,2.3708,15.97,15.64,2.69,4.95,2.0903
5,135,52.81,1.9467,12.07,10.54,1.88,50.77,0.2292
5,136,42.0,1.9209,18.99,21.86,4.82,40.27,0.4212
5,137,22.86,2.0695,11.18,12.13,4.34,20.23,0.455
5,138,41.45,2.0429,11.88,10.78,4.21,48.85,0.2239
5,139,27.24,1.8269,23.96,33.92,3.13,22.04,0.9519
5,140,10.32,2.1095,14.28,14.79,4.15,8.49,1.1297
6,141,24.69,2.0058,20.93,20.22,2.91,25.53,0.7359
6,142,34.67,2.1405,11.27,7.84,1.48,34.67,0.3118
6,143,51.06,2.2013,15.26,13.02,4.0,44.77,0.3129
6,144,7.43,2.0909,12.5,12.96,4.95,6.69,1.0739
6,145,50.46,2.2039,16.13,21.85,4.74,53.1,0.2789
6,146,29.18,1.6886,17.93,25.81,2.66,31.09,0.5313
6,147,10.35,2.2206,23.41,25.85,2.63,11.68,1.6359
6,148,6.11,1.8672,12.22,14.29,2.83,5.3,1.5031
6,149,36.52,2.2144,20.58,25.73,4.6,29.23,0.6083
6,150,10.73,2.0346,16.26,22.43,3.46,8.9,1.3155
6,151,14.75,2.34,23.42,25.35,3.69,13.04,1.3999
6,152,4.66,2.4974,20.02,19.08,1.59,5.41,2.86
6,153,21.93,2.1703,19.37,15.85,1.14,20.29,0.9039
6,154,14.02,2.4019,13.68,10.92,2.14,15.39,0.7804
6,155,58.39,1.938,18.49,18.32,4.34,58.7,0.2933
6,156,40.43,2.3897,23.52,29.43,2.34,42.1,0.5293
6,157,22.23,2.4836,10.66,10.02,3.42,18.28,0.4912
6,158,5.34,1.95,16.57,12.72,1.83,5.74,2.1889
6,159,32.82,1.7002,18.88,14.91,1.77,27.22,0.6513
6,160,49.49,2.2524,20.74,26.56,3.83,52.31,0.3694
6,161,6.15,2.1215,17.51,14.45,3.94,6.5,1.6772
6,162,42.8,2.371,21.55,22.73,1.88,43.28,0.4772
6,163,32.99,2.0779,24.47,19.84,3.81,38.76,0.5748
6,164,33.67,2.1149,11.4,19.38,2.54,31.13,0.3386
6,165,21.15,2.3378,23.22,22.37,0.59,24.84,0.9131
6,166,41.97,1.9144,15.16,17.14,3.53,46.18,0.305
6,167,40.1,1.8553,10.47,10.8,0.48,40.7,0.2542
6,168,51.08,1.5334,13.56,9.07,1.99,60.36,0.2175
7,169,16.5,2.4223,24.78,26.3,2.27,13.24,1.5977
7,170,45.9,2.4031,11.44,12.98,0.91,46.68,0.2404
7,171,33.54,1.6411,22.15,21.59,0.25,39.1,0.5629
7,172,15.68,2.1653,19.06,19.21,0.62,14.43,1.2664
7,173,29.95,2.0994,21.12,20.76,1.06,25.86,0.7845
7,174,42.53,1.6282,13.71,17.81,2.27,49.02,0.2673
7,175,53.94,1.6964,11.32,11.31,3.17,57.38,0.187
7,176,38.98,1.7825,11.54,17.57,2.05,42.24,0.2606
7,177,17.94,1.8244,10.39,11.01,1.84,20.79,0.4591
7,178,33.02,1.9555,23.19,24.8,0.4,32.88,0.6968
7,179,23.15,2.4242,18.72,15.26,0.37,22.49,0.8189
7,180,40.53,2.2271,24.05,20.69,0.25,36.7,0.6509
7,181,6.12,1.6231,14.73,10.48,4.94,6.66,1.2698
7,182,51.86,1.757,13.35,9.07,0.35,50.44,0.2628
7,183,16.88,2.0159,24.11,30.64,1.45,15.9,1.3896
7,184,25.34,1.9119,16.77,26.32,3.71,23.68,0.6123
7,185,35.4,1.5951,16.2,17.34,1.2,30.56,0.5101
7,186,29.52,2.1057,15.75,22.3,3.54,28.81,0.4869
7,187,7.77,1.9647,19.22,25.17,4.15,6.58,1.7912
7,188,4.76,1.8032,21.85,20.32,3.57,4.61,2.6711
7,189,26.99,1.7313,12.95,9.34,0.9,21.69,0.5733
7,190,39.13,1.8164,12.91,10.41,4.87,31.44,0.3555
7,191,51.0,1.532,23.38,22.19,4.72,54.14,0.3972
7,192,25.67,2.1472,10.81,9.66,0.46,29.65,0.359
7,193,9.86,2.3226,15.91,13.71,1.25,8.48,1.6351
7,194,32.2,2.3016,17.36,25.01,2.35,32.08,0.5042
7,195,18.43,2.3849,13.32,13.94,2.99,15.07,0.7375
7,196,59.56,1.6304,15.92,17.08,4.03,57.49,0.2588
8,197,34.1,1.5493,13.67,16.64,0.26,28.83,0.4699
8,198,27.01,2.1478,12.68,14.26,3.63,24.42,0.452
8,199,51.79,2.3635,12.53,20.68,3.92,53.79,0.2171
8,200,22.88,1.7625,17.65,15.17,0.83,22.65,0.7517
8,201,24.36,2.141,12.46,8.45,4.53,25.58,0.4138
8,202,44.82,2.4319,24.25,23.47,1.57,36.88,0.6307
8,203,54.05,2.0298,22.47,17.74,3.43,62.24,0.3422
8,204,21.64,1.629,18.97,15.89,2.48,17.6,0.9447
8,205,27.54,2.3951,19.56,20.9,4.92,27.72,0.5993
8,206,12.61,2.4217,20.98,24.58,3.85,11.15,1.3987
8,207,42.54,1.7197,21.73,27.36,2.33,47.51,0.436
8,208,50.96,2.1548,14.11,9.93,1.34,46.34,0.2959
8,209,15.73,1.9553,11.57,19.07,4.57,13.19,0.6515
8,210,55.66,2.0685,21.35,21.2,1.98,45.41,0.4505
8,211,51.01,1.9482,13.32,21.5,3.27,50.46,0.2479
8,212,38.59,1.9563,17.47,25.88,4.5,37.21,0.4188
8,213,16.88,1.9061,13.41,14.05,4.17,15.89,0.6685
8,214,39.96,1.7456,21.92,18.82,0.77,45.64,0.4723
8,215,23.4,2.473,14.02,13.96,4.9,22.94,0.5036
8,216,9.64,2.2075,23.05,18.94,0.4,8.39,2.6223
8,217,57.77,2.1932,15.96,12.6,4.06,57.32,0.26
8,218,34.9,2.1318,24.23,25.99,1.47,28.13,0.8186
8,219,30.94,1.8334,18.56,16.46,2.38,33.82,0.5127
8,220,42.41,2.3333,19.14,16.73,1.44,42.17,0.4389
8,221,21.57,1.6418,11.58,18.87,1.27,25.46,0.4332
8,222,44.86,1.552,22.94,22.04,4.45,53.4,0.3965
8,223,33.81,2.4053,12.87,11.96,0.64,38.09,0.3323
8,224,59.34,1.8889,22.02,25.61,0.48,59.22,0.3688
9,225,45.57,2.2704,14.58,21.89,2.62,43.9,0.3134
9,226,19.71,2.2311,12.58,9.61,1.4,20.73,0.5685
9,227,10.6,2.1549,10.0,11.54,1.6,12.16,0.7267
9,228,17.08,2.2784,24.56,24.33,3.14,14.1,1.4246
9,229,26.19,2.4638,14.32,14.24,2.81,27.71,0.4692
9,230,24.94,2.4509,14.56,19.13,0.36,22.47,0.6378
9,231,33.92,2.3238,24.15,27.6,0.74,36.8,0.6433
9,232,25.56,1.9023,24.44,22.38,3.97,25.37,0.833
9,233,25.07,1.8632,20.28,16.64,0.5,28.24,0.7056
9,234,48.94,1.9864,19.57,16.22,1.67,53.45,0.355
9,235,6.26,1.5948,12.29,14.26,0.28,5.73,2.0449
9,236,12.36,1.741,17.8,18.91,4.7,11.84,1.0762
9,237,22.76,1.7073,14.75,19.07,2.04,23.46,0.5784
9,238,7.69,1.6913,24.05,23.7,2.19,6.94,2.6342
9,239,11.11,1.5585,12.36,12.69,1.7,8.96,1.1595
9,240,35.24,1.8795,18.44,15.51,2.66,38.53,0.4477
9,241,52.79,1.6926,23.47,22.33,0.71,49.82,0.4645
9,242,11.04,2.0893,13.04,13.62,2.74,11.44,0.9196
9,243,9.43,2.048,21.89,25.11,3.59,10.22,1.5851
9,244,41.93,1.5244,14.99,18.72,2.21,43.45,0.3283
9,245,55.14,2.2978,24.68,24.04,4.63,53.22,0.4266
9,246,52.15,1.7518,19.21,21.89,4.91,45.55,0.3807
9,247,46.47,1.522,10.21,15.13,4.13,48.54,0.1938
9,248,42.98,1.8425,11.04,9.68,0.76,47.14,0.2305
9,249,32.55,1.9224,10.4,12.23,2.14,37.41,0.263
9,250,22.45,2.0878,16.62,12.14,4.27,22.54,0.6199
9,251,58.29,2.1932,12.84,21.57,0.59,61.03,0.2084
9,252,40.09,1.5283,21.82,21.78,4.19,35.52,0.5495
10,253,6.26,1.7011,15.07,13.63,1.1,6.2,2.0644
10,254,19.16,1.5292,15.94,17.01,3.12,21.05,0.6595
10,255,52.03,1.995,20.44,18.53,0.87,42.98,0.4661
10,256,50.22,1.6259,22.96,23.17,4.54,52.62,0.4017
10,257,48.97,1.9318,16.94,22.83,3.98,48.24,0.3244
10,258,47.96,2.3216,12.7,14.48,2.88,52.81,0.228
10,259,49.43,1.5328,19.7,22.09,2.47,56.4,0.3346
10,260,34.71,1.6973,14.23,9.59,1.76,29.97,0.4485
10,261,49.51,1.6326,16.8,17.15,1.36,48.47,0.3371
10,262,48.23,2.1183,12.34,10.12,0.79,52.93,0.2297
10,263,36.52,1.8881,13.4,11.36,1.06,36.74,0.3545
10,264,13.56,2.1629,13.87,15.7,4.3,12.66,0.8178
10,265,37.32,1.5902,11.34,19.07,3.13,41.62,0.2534
10,266,43.43,2.0897,22.88,28.87,2.39,50.93,0.4291
10,267,36.67,2.0384,13.14,9.83,2.41,36.81,0.335
10,268,25.28,1.9485,15.25,11.18,4.91,20.71,0.5952
10,269,47.42,2.0707,12.25,9.03,3.86,42.26,0.2656
10,270,4.65,1.6303,11.75,16.22,1.72,3.96,2.0687
10,271,15.15,2.0877,22.94,26.91,0.55,14.85,1.4896
10,272,5.24,2.1407,14.05,13.63,2.22,5.06,1.9299
10,273,14.06,2.1891,22.88,23.38,2.93,15.04,1.2732
10,274,10.44,2.1948,24.17,23.67,2.35,9.95,1.965
10,275,57.58,1.83,23.52,24.14,4.82,68.99,0.3187
10,276,18.15,1.9368,14.42,10.96,2.72,16.57,0.7475
10,277,28.84,1.6711,20.57,20.12,4.4,30.61,0.5875
10,278,57.55,1.503,23.92,31.68,1.43,63.67,0.3674
10,279,9.12,2.0139,12.72,15.8,1.35,9.01,1.2278
10,280,56.56,1.6858,24.91,21.1,4.9,52.4,0.4347
11,281,27.77,1.8093,24.58,24.71,1.58,22.22,1.0328
11,282,37.39,2.4159,12.78,20.48,1.62,40.2,0.3056
11,283,21.88,1.7522,23.85,24.77,4.79,21.46,0.9086
11,284,27.77,1.6568,18.06,16.17,2.28,30.9,0.5443
11,285,42.08,2.1352,10.27,10.78,4.57,42.78,0.2169
11,286,22.14,1.6363,17.06,23.75,4.47,23.68,0.606
11,287,49.04,2.1592,17.7,22.69,2.14,46.85,0.3613
11,288,9.36,2.4146,19.72,17.56,0.68,10.03,1.8413
11,289,7.76,2.0937,22.42,23.7,3.92,8.24,1.8438
11,290,53.38,1.9853,23.79,29.38,2.82,48.56,0.463
11,291,26.02,1.8878,14.03,16.59,1.61,27.87,0.4759
11,292,13.68,1.8445,14.05,23.13,0.54,12.16,1.1063
11,293,29.96,1.9703,21.44,21.14,4.4,34.12,0.5566
11,294,4.53,1.9029,21.1,19.81,4.56,4.25,2.395
11,295,33.15,2.1554,20.71,23.95,2.24,32.51,0.596
11,296,26.85,2.1875,19.6,24.95,1.44,31.26,0.5994
11,297,59.62,1.6061,24.26,27.04,1.36,48.05,0.491
11,298,13.02,2.496,17.54,19.7,1.1,13.56,1.1965
11,299,19.51,2.3623,20.3,24.07,1.6,15.88,1.1613
11,300,26.92,1.7892,22.01,21.26,4.09,28.04,0.685
11,301,50.32,1.925,13.98,12.12,1.56,49.11,0.2759
11,302,9.1,2.2186,12.95,9.54,1.27,9.41,1.2125
11,303,24.8,1.9489,13.05,14.21,2.8,24.14,0.4844
11,304,27.08,1.5356,18.31,18.26,2.62,23.59,0.6986
11,305,18.12,2.3107,12.04,8.54,4.75,14.93,0.6118
11,306,22.23,1.6437,18.01,13.07,3.62,24.97,0.6299
11,307,13.87,2.1062,18.78,14.39,1.85,12.33,1.3244
12,308,14.53,1.928,13.96,12.59,3.38,15.14,0.7538
12,309,57.92,2.0895,18.6,27.23,2.49,53.82,0.3303
12,310,17.29,1.7626,21.16,16.63,2.65,18.84,0.9846
12,311,49.13,1.7895,16.4,25.16,3.4,49.63,0.3093
12,312,42.72,2.3833,14.7,18.46,2.6,40.82,0.3386
12,313,52.48,2.2244,13.22,10.21,2.17,45.68,0.2763
12,314,45.63,1.7521,15.79,20.92,2.41,37.96,0.3911
12,315,9.03,2.0908,16.28,11.66,3.1,9.09,1.3355
12,316,32.27,1.6495,11.85,11.12,0.74,28.35,0.4074
12,317,18.08,1.6736,22.82,20.11,4.8,15.98,1.0982
12,318,31.55,1.5196,17.85,21.17,3.44,35.39,0.4597
12,319,48.35,1.6272,12.55,9.39,2.14,49.44,0.2433
12,320,27.04,2.4477,24.61,25.02,0.85,25.3,0.9411
12,321,12.01,2.3579,19.88,18.18,1.72,11.99,1.45
12,322,45.01,1.5878,23.44,19.42,3.42,48.91,0.4479
12,323,28.49,1.9035,17.6,15.94,0.9,31.49,0.5434
12,324,18.46,1.9808,20.3,25.62,4.96,20.44,0.7992
12,325,6.27,1.6229,16.03,20.8,1.21,6.66,2.0368
12,326,43.72,2.0862,18.66,14.25,1.95,52.34,0.3437
12,327,11.12,1.5723,14.53,19.16,4.42,10.64,0.9648
12,328,18.68,1.843,20.81,22.41,2.2,15.26,1.1919
12,329,32.17,2.0842,10.74,11.72,4.62,28.85,0.3209
12,330,53.07,1.519,24.0,29.51,3.73,43.41,0.5091
12,331,55.53,1.9703,20.35,16.22,0.39,49.18,0.4105
12,332,7.61,2.0743,17.59,26.48,3.2,7.96,1.5762
12,333,4.71,2.1952,18.48,23.28,2.24,5.5,2.3876
12,334,11.5,2.1715,23.87,19.53,0.27,10.73,2.17
13,335,24.92,1.7143,16.64,13.88,3.03,28.01,0.5361
13,336,42.62,2.2249,14.66,11.57,3.57,48.28,0.2827
13,337,58.91,1.9938,12.1,11.15,0.3,48.9,0.2459
13,338,56.83,1.8651,21.71,28.56,4.58,59.71,0.3377
13,339,39.73,2.1287,24.8,33.02,2.88,45.65,0.511
13,340,16.08,1.5838,17.71,23.26,2.54,16.54,0.9282
13,341,33.52,1.5382,22.42,21.58,3.17,34.78,0.5908
13,342,13.19,1.6235,15.91,12.11,4.91,14.07,0.8383
13,343,38.13,2.1436,23.4,20.59,0.67,37.56,0.6121
13,344,25.84,2.3636,14.55,22.8,4.66,30.29,0.4163
13,345,17.76,2.077,22.36,21.31,1.55,16.62,1.2306
13,346,22.07,2.1449,19.14,23.26,4.29,22.24,0.7214
13,347,29.23,1.5116,19.92,20.07,2.89,30.06,0.6046
13,348,7.74,1.6164,14.12,12.13,3.08,7.91,1.2848
13,349,22.41,2.2204,14.99,22.18,3.31,23.64,0.5562
13,350,34.99,1.5114,15.64,24.18,3.56,36.22,0.3932
13,351,18.12,1.7037,17.15,15.75,1.87,15.69,0.9767
13,352,58.75,1.6079,23.7,23.77,4.68,57.25,0.3827
13,353,39.28,1.8406,18.67,17.73,1.68,35.93,0.4964
13,354,24.55,1.5839,13.8,9.53,0.5,27.62,0.4908
13,355,6.18,2.1589,23.07,20.21,1.54,6.22,2.9729
13,356,25.39,2.0643,24.95,22.39,0.79,27.52,0.8813
13,357,24.38,2.3333,20.79,21.71,2.41,26.68,0.7147
13,358,15.86,1.6453,24.64,22.83,1.75,12.88,1.6842
13,359,26.24,2.0713,17.75,24.13,4.78,21.42,0.6775
13,360,21.64,2.0755,22.89,19.43,4.77,19.05,0.961
13,361,55.66,2.3527,15.89,14.14,3.93,50.17,0.2937
14,362,32.28,1.5305,23.3,28.68,0.88,32.5,0.698
14,363,24.72,2.2408,21.45,25.09,3.97,23.12,0.7918
14,364,30.31,1.8308,14.94,12.73,3.84,36.13,0.3738
14,365,16.65,2.1122,11.07,10.99,2.31,16.74,0.5811
14,366,52.84,1.7889,24.05,23.08,0.66,59.01,0.4031
14,367,22.16,2.2162,14.37,15.05,0.89,19.7,0.6979
14,368,44.17,2.4433,18.1,15.38,2.76,43.74,0.3892
14,369,37.76,2.486,22.93,28.67,4.7,40.14,0.5114
14,370,54.12,1.893,16.24,23.92,4.82,63.87,0.2364
14,371,17.7,2.2461,14.03,20.45,2.72,18.84,0.6507
14,372,22.08,1.9813,16.07,17.8,3.18,22.18,0.6337
14,373,45.1,1.911,16.11,14.92,1.94,45.88,0.3369
14,374,31.84,1.6348,12.54,14.07,2.61,33.18,0.3504
14,375,40.93,1.9018,19.57,24.52,4.57,48.46,0.369
14,376,49.95,2.3539,14.06,10.96,1.07,57.05,0.2419
14,377,5.79,1.5761,13.0,13.59,1.55,5.94,1.7356
14,378,4.32,1.9293,11.71,19.33,2.19,4.7,1.6996
14,379,44.79,1.5001,22.21,24.34,4.78,52.56,0.3873
14,380,49.35,2.3372,21.08,28.51,0.69,50.74,0.4099
14,381,56.96,1.9429,17.15,19.76,3.1,56.99,0.2854
14,382,42.47,2.2919,23.63,26.14,3.02,40.81,0.5391
14,383,5.31,1.8294,23.66,26.68,2.8,4.45,3.2634
14,384,37.0,2.0321,23.49,28.71,1.52,42.78,0.5302
14,385,25.5,2.2368,11.84,17.47,2.51,27.89,0.3895
14,386,24.56,1.5189,17.44,22.12,0.73,26.48,0.6409
14,387,43.12,2.2039,23.72,21.87,2.59,37.93,0.5854
14,388,21.23,1.5423,13.73,14.13,3.26,19.76,0.5964
15,389,17.56,1.6691,11.95,10.5,3.93,18.88,0.5239
15,390,39.46,2.3107,14.45,10.47,0.46,36.13,0.3949
15,391,21.35,2.0219,15.72,20.41,3.4,19.56,0.6847
15,392,34.31,1.5237,16.27,24.04,0.63,28.66,0.5555
15,393,51.39,2.2323,22.3,18.85,3.15,51.64,0.407
15,394,34.74,2.0383,24.23,33.24,2.93,38.93,0.5788
15,395,56.83,1.5985,17.43,23.47,1.51,62.47,0.2724
15,396,11.78,1.7524,12.47,9.32,3.73,11.07,0.8426
15,397,43.67,1.8678,11.5,16.46,2.89,46.26,0.234
15,398,44.62,1.7097,19.24,15.52,4.45,52.51,0.3378
15,399,46.28,1.708,22.15,30.28,1.85,45.19,0.4709
15,400,44.12,1.8865,19.49,23.97,1.25,43.43,0.4362
15,401,41.74,2.0415,21.43,23.42,4.26,45.95,0.4268
15,402,52.38,2.1512,11.69,12.82,4.32,46.13,0.2317
15,403,8.38,2.2881,12.44,19.93,4.22,8.45,0.9818
15,404,50.49,1.9192,14.27,12.99,1.17,56.66,0.2468
15,405,48.32,2.0814,12.88,14.0,3.96,40.12,0.2922
15,406,17.81,2.1953,23.14,18.22,2.19,16.39,1.2454
15,407,36.37,1.8759,23.15,27.28,2.79,35.82,0.5996
15,408,34.75,2.4491,13.53,18.55,4.99,27.91,0.4112
15,409,4.52,1.9606,10.34,14.69,2.57,4.63,1.4361
15,410,20.85,1.6671,13.48,9.87,2.18,20.92,0.5835
15,411,12.81,2.171,11.66,7.16,3.83,13.31,0.6803
15,412,18.81,2.0276,23.87,22.95,2.71,18.07,1.1487
15,413,57.15,2.2772,22.66,23.46,1.61,64.53,0.3426
15,414,14.58,2.2011,14.46,14.54,1.63,13.0,0.9884
15,415,4.05,2.2152,11.57,9.23,1.06,4.01,2.2821
16,416,6.5,2.4706,14.85,12.99,3.65,6.83,1.417
16,417,12.2,1.6889,13.84,14.94,4.33,13.0,0.7986
16,418,23.14,2.1837,21.03,21.72,0.34,27.35,0.7595
16,419,55.84,2.4093,15.4,15.23,2.68,64.42,0.2295
16,420,15.59,2.4182,24.68,28.92,4.12,13.13,1.4307
16,421,10.29,1.7912,22.06,29.05,3.17,8.26,1.93
16,422,14.43,1.5997,17.52,14.96,1.98,12.58,1.2033
16,423,40.24,1.9643,16.42,20.14,2.6,40.51,0.3809
16,424,45.22,2.0568,15.67,11.29,4.66,47.19,0.3022
16,425,20.14,1.6603,17.98,17.87,2.84,21.14,0.7498
16,426,14.58,1.9694,17.94,15.2,3.67,15.22,0.9497
16,427,56.59,2.1717,16.91,19.67,0.61,67.66,0.2477
16,428,57.15,1.5783,15.45,20.8,4.68,55.8,0.2555
16,429,39.52,2.2745,18.9,16.32,0.41,37.12,0.5036
16,430,30.27,1.8341,12.18,10.47,0.76,35.77,0.3334
16,431,10.48,2.4463,19.56,28.17,3.73,8.83,1.5573
16,432,32.27,2.1971,22.49,22.32,3.04,32.71,0.6291
16,433,25.23,1.8403,23.36,24.13,3.2,24.24,0.8513
16,434,9.73,1.5615,15.7,15.73,0.49,10.68,1.4056
16,435,6.85,1.7211,18.21,14.15,1.55,8.07,1.8929
16,436,49.04,1.6807,15.33,21.41,2.18,41.74,0.349
16,437,45.38,1.8969,15.63,13.03,1.5,40.7,0.3704
16,438,26.32,1.5192,12.56,12.14,3.92,29.2,0.3792
16,439,49.57,1.9935,21.06,25.03,1.23,57.57,0.3582
16,440,9.84,2.4827,20.32,28.1,4.34,8.62,1.5679
16,441,28.76,1.5715,21.12,18.43,2.1,29.86,0.6608
16,442,52.84,1.5476,12.37,15.22,2.08,56.32,0.2118
17,443,20.03,1.6989,10.28,5.43,4.7,19.9,0.4179
17,444,32.06,1.8217,15.65,23.91,0.88,32.45,0.4695
17,445,37.03,1.7006,12.43,9.0,1.61,37.32,0.3193
17,446,35.51,2.4449,19.63,26.11,1.18,32.03,0.5911
17,447,18.7,1.5393,21.17,17.71,1.7,20.24,0.9649
17,448,47.83,1.9553,15.82,13.61,3.57,49.36,0.2989
17,449,57.09,1.5688,14.93,10.1,2.66,52.82,0.2691
17,450,49.91,2.0539,14.28,11.96,2.39,56.61,0.242
17,451,58.16,1.9387,22.7,21.56,2.12,51.9,0.4202
17,452,45.64,2.032,21.71,21.72,4.09,51.12,0.3932
17,453,23.38,1.6726,16.76,15.64,0.26,20.46,0.8089
17,454,52.14,1.7578,17.21,13.72,1.33,47.38,0.3533
17,455,13.5,2.2185,16.93,24.82,3.91,11.55,1.0951
17,456,58.11,2.321,12.79,8.76,1.22,63.88,0.1965
17,457,30.3,2.2829,19.07,21.22,3.79,28.02,0.5995
17,458,39.72,1.5093,22.78,26.9,0.41,42.71,0.5283
17,459,48.38,1.8068,23.99,19.74,0.42,48.22,0.4932
17,460,47.03,1.7216,13.64,17.22,1.53,48.45,0.2729
17,461,55.81,1.6469,24.21,27.93,4.86,58.8,0.3803
17,462,46.61,2.486,21.49,17.72,1.11,45.14,0.4646
17,463,48.45,1.9648,24.93,24.24,2.8,45.84,0.5125
17,464,26.0,2.1956,18.14,20.85,4.7,23.0,0.6549
17,465,32.12,1.52,17.76,14.61,1.45,32.3,0.5262
17,466,36.1,2.4258,16.22,24.5,3.32,31.77,0.4622
17,467,11.33,2.1758,21.85,28.85,2.91,13.53,1.3291
17,468,33.88,1.6131,13.78,23.44,4.18,36.55,0.3383
17,469,37.38,1.9604,15.3,23.31,1.98,40.05,0.364
18,470,15.11,1.994,17.14,17.54,4.01,16.08,0.8532
18,471,26.92,2.3954,24.93,20.03,1.02,31.12,0.7757
18,472,17.72,2.2297,22.88,27.23,4.1,19.21,0.9816
18,473,10.46,1.9068,15.51,14.04,4.28,11.07,1.0104
18,474,58.48,1.5557,22.95,18.5,2.98,59.9,0.365
18,475,22.6,1.6549,17.82,26.27,4.28,24.34,0.6226
18,476,4.28,1.9278,23.66,20.66,1.19,4.31,4.3018
18,477,18.75,1.7099,11.33,8.94,3.1,20.4,0.4821
18,478,35.07,1.9229,15.48,17.92,2.94,37.5,0.3828
18,479,53.91,2.3039,14.44,17.11,1.12,60.63,0.2338
18,480,44.26,2.2296,20.77,29.42,0.73,36.14,0.5633
18,481,5.29,1.873,18.38,23.51,0.96,6.02,2.6332
18,482,4.01,1.6685,14.92,17.7,0.39,4.18,3.2648
18,483,29.28,2.4385,13.18,11.22,0.83,26.68,0.4791
18,484,52.71,2.1049,17.98,16.1,3.17,63.24,0.2707
18,485,50.77,2.3935,11.55,6.57,4.16,46.78,0.2267
18,486,10.08,1.9728,23.12,32.63,3.47,8.28,1.9677
18,487,4.68,2.1613,13.8,10.69,1.62,4.7,2.1835
18,488,28.65,2.0124,15.81,11.97,3.45,26.92,0.5206
18,489,45.54,2.2567,13.51,12.5,3.42,45.25,0.2776
18,490,34.8,1.9918,20.73,20.98,2.94,29.73,0.6345
18,491,7.73,2.4761,10.91,7.21,4.8,7.68,0.8742
18,492,50.49,2.4506,15.31,19.81,3.26,58.77,0.2468
18,493,52.74,2.0582,14.4,15.11,1.79,51.69,0.2693
18,494,22.21,1.9711,11.87,21.05,4.14,26.18,0.3915
18,495,26.26,1.7171,14.99,14.24,2.02,26.01,0.5348
18,496,52.48,1.5321,21.44,30.53,3.31,57.29,0.3538
19,497,55.96,1.8327,10.21,6.89,2.64,47.02,0.2056
19,498,18.57,1.677,23.64,23.79,0.39,15.99,1.4432
19,499,55.08,2.3928,20.08,21.97,3.36,63.4,0.3008
19,500,54.13,2.1592,23.4,22.34,1.89,45.46,0.4942
19,501,55.63,1.6408,18.37,25.32,1.32,49.67,0.3603
19,502,4.05,2.2572,22.15,23.48,4.93,3.9,2.5085
19,503,33.4,1.9771,21.63,18.85,2.38,30.17,0.6645
19,504,6.11,2.0832,12.22,19.67,1.34,6.73,1.5143
19,505,32.2,2.3941,22.11,26.54,4.7,38.42,0.5128
19,506,19.35,1.7027,10.85,17.56,2.35,19.79,0.4901
19,507,40.72,1.997,19.18,24.51,0.4,44.91,0.4233
19,508,16.71,1.7213,15.58,24.2,1.02,15.93,0.9192
19,509,36.99,2.2208,12.52,19.46,1.4,44.11,0.2751
19,510,22.91,2.203,13.92,11.16,1.31,19.86,0.6575
19,511,18.72,1.5357,17.38,13.58,3.6,15.74,0.8987
19,512,38.31,1.5942,10.31,11.54,3.83,41.66,0.2266
19,513,8.09,2.3211,22.7,30.15,2.59,9.69,1.8485
19,514,17.01,2.1239,10.59,6.42,2.44,18.02,0.5176
19,515,35.76,2.0534,17.04,22.22,0.4,37.55,0.449
19,516,47.67,2.2839,22.87,24.09,2.72,42.72,0.5033
19,517,19.69,1.5531,16.26,12.88,4.03,22.85,0.6049
19,518,50.7,2.0535,17.11,18.52,3.18,43.11,0.3696
19,519,27.43,1.8446,16.86,12.84,2.62,27.57,0.5585
19,520,17.58,1.6843,21.44,20.83,0.56,19.18,1.0861
19,521,42.04,1.9705,15.64,21.6,2.09,47.91,0.3128
19,522,52.98,1.6706,19.46,14.59,0.9,61.22,0.3133
19,523,16.71,2.4293,21.44,18.08,3.66,16.85,1.0453
20,524,13.64,1.8054,12.39,12.91,1.78,11.82,0.911
20,525,5.59,2.1294,14.97,13.96,4.89,6.5,1.3143
20,526,47.91,2.1225,18.13,17.88,1.75,52.22,0.3359
20,527,58.04,1.7604,18.18,26.5,0.34,50.93,0.3546
20,528,18.66,2.0126,22.91,23.51,1.82,19.26,1.0868
20,529,47.29,1.8327,14.12,10.62,4.2,46.83,0.2767
20,530,21.82,1.7667,12.4,22.27,4.84,17.63,0.5518
20,531,43.15,1.7529,16.04,18.13,0.44,44.67,0.3556
20,532,32.08,2.3734,20.22,27.57,0.65,37.76,0.5264
20,533,50.09,1.542,15.97,14.13,2.49,47.77,0.3177
20,534,28.21,2.4793,23.83,23.2,0.67,31.94,0.7308
20,535,24.19,1.9304,15.62,24.25,2.2,20.41,0.6908
20,536,10.05,1.9279,19.29,17.95,0.72,8.07,2.1945
20,537,21.73,2.1772,24.67,29.54,2.55,17.78,1.2135
20,538,51.36,2.4112,11.92,15.99,4.15,55.97,0.1983
20,539,54.85,1.7357,14.64,18.89,4.56,64.8,0.2111
20,540,7.0,2.2093,17.17,17.11,2.78,6.13,1.927
20,541,34.96,1.7532,10.43,7.13,4.79,33.76,0.2706
20,542,17.03,1.9913,20.68,16.3,4.39,18.35,0.9094
20,543,13.32,2.2864,16.26,17.27,1.44,11.33,1.2733
20,544,35.68,1.6421,23.58,22.0,3.6,41.78,0.5196
20,545,33.18,1.9876,20.34,21.09,3.0,32.32,0.5759
20,546,8.05,2.2862,11.51,20.55,2.04,9.3,1.015
20,547,57.63,2.3677,15.7,20.63,0.26,59.97,0.2607
20,548,37.95,1.865,17.55,19.53,4.55,37.85,0.4139
20,549,13.99,2.0131,21.65,29.31,4.12,12.61,1.2941
20,550,52.28,2.3934,11.96,20.91,1.17,60.5,0.1939
21,551,53.64,2.0417,18.18,18.4,3.32,53.75,0.3186
21,552,40.27,2.0026,12.58,8.69,2.59,35.37,0.3314
21,553,58.49,1.6531,18.86,22.09,1.53,65.36,0.282
21,554,47.97,1.7373,24.07,31.65,1.62,39.95,0.579
21,555,27.42,2.0593,16.72,21.34,1.14,30.5,0.5284
21,556,51.07,1.8236,11.55,14.77,4.23,42.55,0.2469
21,557,39.94,1.9719,15.45,13.96,4.56,39.24,0.3527
21,558,23.29,2.1937,22.79,26.92,3.86,25.3,0.7816
21,559,26.08,2.1771,24.91,34.53,2.51,29.57,0.7765
21,560,54.56,2.3144,13.78,8.92,2.43,55.08,0.2396
21,561,32.28,2.0253,23.67,21.25,4.88,31.3,0.6542
21,562,24.19,2.2985,18.58,27.03,2.74,20.63,0.795
21,563,43.98,1.9354,10.75,8.24,1.65,39.61,0.2605
21,564,42.9,2.2695,10.74,12.82,1.41,50.4,0.2073
21,565,39.15,1.8218,10.14,6.1,1.42,40.91,0.2395
21,566,13.33,2.0286,14.47,9.73,3.05,10.8,1.0448
21,567,45.39,1.818,16.48,15.07,4.03,49.26,0.3093
21,568,19.32,1.6216,14.9,14.43,2.89,19.27,0.6724
21,569,38.74,2.0442,20.59,20.34,3.76,44.53,0.4264
21,570,28.21,1.9128,18.74,19.98,3.88,22.92,0.6993
21,571,45.91,2.2588,10.81,8.8,4.78,42.8,0.2272
21,572,9.06,2.0627,11.57,19.47,2.53,10.03,0.9212
21,573,54.7,1.9095,22.98,19.09,4.78,53.29,0.3957
21,574,26.51,2.0757,21.25,16.98,3.02,30.31,0.6376
21,575,21.35,2.4713,24.37,20.99,0.81,17.48,1.3324
21,576,43.49,2.3503,23.93,23.34,2.31,49.5,0.4619
21,577,20.62,1.8543,23.51,32.72,4.55,17.55,1.0638
22,578,50.13,1.9098,17.08,15.79,4.96,46.56,0.3315
22,579,8.2,2.3957,12.09,19.1,4.06,7.9,1.0109
22,580,18.23,2.3597,18.22,20.95,3.58,18.04,0.8427
22,581,14.85,1.7084,23.67,20.12,3.39,15.73,1.238
22,582,52.79,2.2483,18.05,21.17,4.38,49.59,0.3344
22,583,25.81,2.0113,23.11,19.32,4.66,24.34,0.7969
22,584,20.28,2.1148,24.43,33.14,4.54,20.48,0.9764
22,585,15.67,2.0247,21.14,18.72,2.89,14.82,1.1937
22,586,57.73,1.9439,21.26,20.26,3.84,66.84,0.3008
22,587,30.61,2.4451,11.11,19.89,1.27,36.64,0.2931
22,588,42.05,2.4367,22.67,20.35,4.18,49.36,0.4234
22,589,28.2,2.0388,18.47,13.81,2.37,32.51,0.5295
22,590,28.89,2.0889,10.05,9.98,0.91,24.26,0.3993
22,591,54.9,1.715,12.72,13.12,1.22,63.14,0.1976
22,592,38.39,1.6882,17.14,21.12,1.61,41.95,0.3935
22,593,28.61,1.7978,11.07,15.02,2.42,31.19,0.3294
22,594,7.83,2.4551,23.24,32.98,1.17,7.76,2.6025
22,595,44.73,1.8707,16.65,18.52,1.13,37.51,0.4309
22,596,37.0,2.1265,19.93,18.82,2.81,33.85,0.5436
22,597,56.65,2.2621,10.56,6.93,4.87,45.57,0.2094
22,598,17.57,2.1788,17.64,25.19,1.35,16.83,0.9703
22,599,24.86,1.9557,19.51,20.48,1.09,27.41,0.6846
22,600,38.19,1.8642,21.64,18.21,1.25,33.53,0.6222
22,601,13.26,2.2772,17.9,16.96,1.34,15.26,1.0783
22,602,52.59,1.9511,16.4,22.86,0.32,55.77,0.2924
22,603,12.63,2.1465,21.26,21.23,1.12,10.35,1.8535
22,604,26.84,2.205,21.93,28.63,1.33,25.27,0.8244
23,605,31.02,2.0973,20.47,16.89,2.49,27.47,0.6832
23,606,4.33,1.801,21.91,23.62,3.81,4.33,2.6916
23,607,55.35,2.2068,11.28,6.34,3.68,60.14,0.1767
23,608,23.29,2.2867,22.29,18.5,1.86,21.81,0.9417
23,609,26.88,1.8487,11.45,12.31,3.88,22.22,0.4387
23,610,56.77,2.4863,14.37,14.8,0.67,58.95,0.241
23,611,40.08,2.2575,22.5,29.12,0.81,46.33,0.4773
23,612,43.22,1.7017,17.41,19.09,2.29,36.8,0.4454
23,613,43.06,2.0062,23.87,30.06,0.37,38.39,0.6158
23,614,10.81,1.8634,17.6,24.2,1.46,12.5,1.2607
23,615,40.45,1.9752,17.07,21.4,4.31,34.44,0.4405
23,616,51.9,2.0874,24.07,22.58,4.47,49.3,0.4476
23,617,39.05,2.2936,18.35,21.43,1.58,43.96,0.4029
23,618,37.94,2.4495,11.62,7.22,1.86,45.07,0.2476
23,619,6.17,2.2535,15.53,14.89,2.74,6.38,1.7029
23,620,19.73,2.4102,16.75,12.45,1.69,23.14,0.6746
23,621,24.97,1.5808,19.0,18.86,2.09,20.53,0.84
23,622,19.93,2.3192,22.83,23.67,0.63,18.82,1.1738
23,623,38.28,1.6529,13.24,10.43,0.56,38.5,0.339
23,624,36.97,2.2899,19.13,17.45,3.37,35.71,0.4895
23,625,51.16,1.73,19.77,21.0,0.28,58.51,0.3363
23,626,8.3,1.6064,19.14,19.16,2.6,8.62,1.7059
23,627,22.19,1.5254,13.22,18.58,3.81,22.87,0.4955
23,628,52.89,2.3636,13.13,18.59,2.01,46.37,0.2714
23,629,54.65,1.6981,10.3,17.59,0.37,50.52,0.2024
23,630,21.92,1.8395,10.87,14.65,3.48,26.3,0.365
23,631,13.61,2.2715,11.21,20.08,1.31,13.09,0.7785
24,632,43.33,2.0571,14.73,13.13,4.3,40.8,0.3266
24,633,53.92,1.6659,18.65,22.21,0.96,51.56,0.3551
24,634,57.01,1.7466,21.1,22.66,3.42,62.41,0.3205
24,635,29.64,2.0693,18.88,23.74,3.54,27.27,0.6128
24,636,15.97,1.5378,23.05,30.33,0.45,16.7,1.344
24,637,51.56,1.9803,15.39,22.98,4.38,46.55,0.3022
24,638,35.59,2.033,18.87,14.24,0.91,41.98,0.44
24,639,39.92,2.3769,15.35,15.08,3.46,47.27,0.3026
24,640,18.21,2.375,20.06,25.24,4.64,21.51,0.7671
24,641,43.36,1.542,17.27,16.24,4.56,37.28,0.4128
24,642,30.27,2.3311,14.09,12.0,0.32,33.03,0.4225
24,643,48.73,2.4452,13.82,22.02,3.14,50.18,0.2592
24,644,42.96,2.4243,15.53,17.85,3.63,41.01,0.3479
24,645,26.75,1.6668,12.0,20.42,0.36,31.97,0.3712
24,646,23.4,2.0994,12.51,20.55,4.7,19.55,0.5159
24,647,52.23,2.3131,11.37,8.71,0.41,52.42,0.2152
24,648,33.81,1.7677,15.52,12.62,4.58,34.23,0.3999
24,649,26.86,1.7738,22.29,26.93,0.87,25.59,0.8424
24,650,38.61,2.2184,23.57,21.72,2.11,40.88,0.5483
24,651,57.36,2.2946,14.98,12.18,0.44,61.95,0.2401
24,652,50.27,2.2313,14.09,22.22,4.95,47.5,0.2686
24,653,45.11,1.6041,17.98,17.57,4.0,47.67,0.348
24,654,15.73,1.5304,18.54,27.97,2.31,15.91,1.0176
24,655,46.21,1.9393,13.07,12.51,3.79,37.3,0.3181
24,656,44.46,2.3355,16.72,24.93,2.15,40.69,0.3903
24,657,22.14,2.1789,12.43,13.73,2.93,23.81,0.4648
24,658,59.21,2.267,13.24,15.4,4.72,63.25,0.1948
25,659,30.28,1.8468,22.81,22.08,4.35,28.68,0.6906
25,660,27.28,2.332,24.15,23.79,1.72,29.16,0.7821
25,661,18.12,1.8248,21.43,20.17,4.22,14.94,1.1185
25,662,15.69,1.9858,22.65,32.2,0.66,16.9,1.2899
25,663,56.66,2.0545,24.65,26.9,3.1,61.73,0.3802
25,664,54.71,2.2956,20.07,22.8,3.02,58.37,0.3269
25,665,19.87,2.1401,12.3,11.65,3.14,16.92,0.6132
25,666,18.85,2.3352,17.32,21.14,1.8,18.02,0.8739
25,667,37.96,2.2553,23.73,27.56,4.53,30.74,0.6728
25,668,25.49,1.6415,19.92,20.78,3.62,22.93,0.7503
25,669,28.2,2.1679,16.62,14.43,2.29,31.19,0.4964
25,670,55.25,1.9135,20.54,24.68,2.26,53.93,0.3655
25,671,48.57,2.1097,19.42,17.99,0.78,49.14,0.389
25,672,53.07,1.9625,13.46,16.83,1.58,51.5,0.2536
25,673,14.48,2.2733,15.27,16.24,2.5,14.79,0.8832
25,674,44.2,2.397,14.93,17.13,4.53,42.02,0.3207
25,675,54.16,1.7746,14.54,20.05,1.55,59.07,0.2399
25,676,54.11,2.1742,23.99,20.04,1.22,45.24,0.5164
25,677,35.55,1.6138,14.5,13.73,0.91,40.05,0.354
25,678,46.64,1.7625,24.49,25.65,1.42,41.04,0.5768
25,679,57.05,1.8423,20.61,17.84,2.34,58.28,0.34
25,680,44.92,1.5423,16.87,16.52,0.3,39.78,0.4209
25,681,28.24,1.6977,11.74,7.1,2.86,33.37,0.324
25,682,11.97,2.2085,11.62,9.87,0.57,14.13,0.7905
25,683,56.91,2.2796,16.82,18.45,3.11,59.25,0.2697
25,684,36.43,1.7319,24.18,22.28,0.47,30.81,0.773
25,685,50.87,1.5276,12.1,19.94,4.21,44.05,0.2507
26,686,35.69,1.8127,22.89,20.68,1.1,30.98,0.7135
26,687,25.45,2.3716,24.27,27.43,1.97,22.17,1.0054
26,688,52.31,1.8928,14.11,14.7,0.27,44.64,0.3142
26,689,10.19,2.4221,18.85,24.28,3.82,11.24,1.2517
26,690,24.82,1.7441,16.3,21.1,3.71,29.01,0.4982
26,691,56.25,1.7419,16.5,22.1,4.04,61.75,0.2508
26,692,30.15,1.7278,16.38,23.22,1.2,32.42,0.4872
26,693,19.81,1.9814,22.26,27.52,0.46,15.93,1.3581
26,694,13.51,2.1525,21.82,22.17,3.16,14.53,1.2335
26,695,22.08,2.0455,16.79,22.16,0.95,25.08,0.645
26,696,37.05,1.6919,17.59,13.43,3.01,35.82,0.453
26,697,8.07,1.5988,14.58,19.59,2.23,8.9,1.31
26,698,33.69,2.2041,24.13,24.95,1.49,31.87,0.7233
26,699,9.61,2.1737,17.13,16.52,0.29,11.45,1.4591
26,700,30.01,2.3175,17.44,26.56,2.66,33.44,0.4831
26,701,20.59,2.045,16.66,17.48,1.31,23.85,0.6622
26,702,27.22,1.5177,12.61,14.81,4.34,26.13,0.4138
26,703,59.21,1.6007,14.61,23.56,2.26,53.0,0.2644
26,704,8.55,2.1271,20.08,16.01,1.85,9.19,1.8188
26,705,15.89,2.3576,13.23,18.69,0.53,17.18,0.747
26,706,14.23,2.1099,14.72,21.55,3.7,13.6,0.8509
26,707,35.23,2.0768,16.04,13.85,1.04,38.91,0.4015
26,708,31.02,2.4403,16.24,22.61,1.64,31.6,0.4886
26,709,6.99,1.8986,24.99,26.18,1.54,7.48,2.7705
26,710,23.09,2.0435,23.25,20.63,4.24,21.57,0.9008
26,711,6.35,2.0982,15.72,22.74,4.31,6.03,1.5203
26,712,11.9,2.2093,20.29,16.8,4.31,9.85,1.4329
27,713,35.94,2.2565,22.58,22.41,0.78,42.72,0.5191
27,714,8.69,2.4012,15.89,25.14,0.85,8.71,1.6621
27,715,37.27,2.2081,11.82,17.67,4.21,36.53,0.2901
27,716,27.74,2.0092,18.22,21.66,4.74,30.23,0.521
27,717,49.49,2.1791,18.47,27.04,3.13,42.01,0.4092
27,718,51.52,1.9141,23.05,23.71,1.46,46.64,0.4792
27,719,4.22,1.9955,21.32,19.43,0.73,3.52,5.0165
27,720,20.05,2.2815,19.71,27.15,0.97,22.54,0.8384
27,721,10.1,1.7507,20.73,28.04,4.5,9.75,1.4547
27,722,6.5,2.2844,17.09,21.78,3.47,5.97,1.8104
27,723,52.88,2.297,11.96,11.55,2.7,50.45,0.225
27,724,50.84,2.45,15.66,20.47,4.08,44.07,0.3252
27,725,5.87,1.8857,13.58,15.37,4.54,4.75,1.4618
27,726,48.0,1.8214,23.77,22.63,0.43,43.66,0.5391
27,727,7.65,1.5499,11.07,16.95,0.8,7.17,1.389
27,728,27.43,2.4289,20.74,25.3,4.58,26.13,0.6754
27,729,38.37,2.1236,16.01,24.58,2.54,37.37,0.4012
27,730,44.73,1.7696,15.29,10.41,0.73,50.36,0.2993
27,731,24.11,2.0804,12.62,19.49,0.6,28.45,0.4344
27,732,59.93,1.8719,22.88,29.92,1.67,67.01,0.3331
27,733,47.78,1.8553,22.5,24.67,2.98,44.66,0.4723
27,734,12.09,1.733,10.55,7.72,4.55,12.66,0.613
27,735,33.91,1.7183,13.55,10.45,1.03,39.98,0.3304
27,736,29.98,1.5588,14.93,19.17,3.71,30.83,0.4323
27,737,47.24,2.428,15.02,16.51,1.49,54.82,0.2667
27,738,9.03,1.6319,11.6,7.64,2.6,9.52,0.9571
27,739,57.17,2.4967,18.99,21.93,2.03,61.5,0.2989
28,740,26.9,1.7061,11.14,15.16,2.16,24.87,0.4121
28,741,10.78,2.3647,18.58,16.45,2.59,9.45,1.5432
28,742,45.73,1.6271,20.65,17.8,0.74,45.28,0.4487
28,743,29.16,2.2086,19.67,24.01,3.21,27.09,0.6492
28,744,28.53,1.8075,22.21,17.25,4.93,23.31,0.7865
28,745,17.67,1.6143,22.87,26.59,2.78,16.96,1.1586
28,746,32.44,2.3102,23.65,23.51,4.24,27.4,0.7475
28,747,35.66,1.7487,19.51,14.88,2.3,28.67,0.63
28,748,5.24,1.5083,13.59,15.5,0.77,4.83,2.4268
28,749,11.14,2.0456,20.17,19.1,4.33,12.1,1.2276
28,750,44.77,2.1665,23.05,21.06,4.39,47.31,0.4458
28,751,49.82,1.5057,12.74,13.84,4.96,44.34,0.2584
28,752,30.7,1.6326,12.66,10.27,2.13,36.76,0.3255
28,753,59.71,1.6148,10.78,6.52,3.7,70.83,0.1446
28,754,56.69,1.6939,13.61,12.6,1.02,50.38,0.2648
28,755,46.37,1.8096,19.85,20.38,4.63,52.27,0.3489
28,756,20.27,1.8397,12.47,10.65,4.7,22.71,0.4549
28,757,47.21,2.4195,11.5,11.95,2.78,39.53,0.2718
28,758,13.67,1.5123,23.3,33.16,3.07,11.28,1.6237
28,759,54.57,2.3141,24.6,25.83,1.74,62.88,0.3807
28,760,46.43,2.0635,17.98,18.53,0.82,51.22,0.3455
28,761,54.99,1.5148,24.08,27.12,4.09,45.78,0.4829
28,762,5.17,2.1287,24.8,22.12,3.24,5.43,2.8604
28,763,50.23,2.4368,16.4,25.25,4.06,50.04,0.3031
28,764,16.13,1.6697,20.77,17.48,0.25,14.83,1.3773
28,765,35.38,1.898,10.83,9.32,3.45,33.07,0.2965
28,766,20.57,1.567,20.38,15.84,4.5,24.48,0.7032
29,767,42.15,1.9175,21.34,27.16,3.58,40.97,0.479
29,768,4.62,2.4266,13.05,22.37,3.12,5.52,1.5104
29,769,52.95,2.4978,22.63,26.48,1.41,44.44,0.4936
29,770,58.85,1.796,10.06,8.32,4.39,52.7,0.1762
29,771,42.63,2.0656,12.44,8.74,0.62,47.61,0.2579
29,772,27.3,1.5934,11.36,8.04,2.55,31.23,0.3363
29,773,55.78,2.3263,14.09,14.14,1.84,66.79,0.2053
29,774,11.37,1.5493,22.48,29.91,3.55,13.43,1.3239
29,775,32.62,2.4138,22.71,19.08,4.85,33.25,0.5961
29,776,29.37,2.3778,13.87,16.63,0.73,27.26,0.4955
29,777,25.68,2.1226,22.91,24.33,1.0,25.35,0.8694
29,778,19.4,1.6418,17.98,15.72,0.27,20.09,0.8831
29,779,19.44,1.6752,24.2,20.29,3.93,23.02,0.898
29,780,6.12,2.4776,23.11,24.68,0.27,5.67,3.8906
29,781,40.64,1.58,21.61,23.11,1.4,39.48,0.5286
29,782,52.71,1.949,24.4,25.6,4.9,60.04,0.3757
29,783,15.8,2.1243,22.55,18.05,0.6,15.17,1.4299
29,784,36.31,2.3549,16.59,16.83,4.88,37.26,0.3937
29,785,29.08,1.8093,15.08,21.43,2.64,33.46,0.4177
29,786,34.44,1.7383,18.36,17.72,4.29,32.48,0.4993
29,787,51.29,1.9533,11.43,13.31,3.7,57.62,0.1864
29,788,12.96,1.7778,19.76,27.76,1.82,13.01,1.3324
29,789,49.41,1.9371,18.47,26.81,0.84,50.97,0.3565
29,790,40.22,2.4306,14.97,23.88,2.28,37.37,0.3776
29,791,29.97,1.9151,24.37,25.5,0.96,26.25,0.8956
29,792,34.68,1.524,18.71,21.12,3.88,30.67,0.5415
29,793,8.16,1.7889,18.49,24.88,3.23,7.42,1.7362
30,794,17.69,1.6371,19.25,15.49,4.28,20.33,0.7822
30,795,45.59,2.1594,13.93,22.31,2.18,41.98,0.3154
30,796,51.46,2.2589,16.4,12.18,1.66,56.05,0.2842
30,797,18.98,2.3201,11.15,11.76,4.98,21.17,0.4264
30,798,46.56,1.849,18.92,23.54,2.41,54.44,0.3328
30,799,19.08,2.4891,16.95,21.13,3.43,17.36,0.8153
30,800,10.36,1.6141,21.44,24.26,1.9,11.82,1.5627
30,801,37.68,2.4609,12.63,12.17,3.43,30.57,0.3715
30,802,4.83,1.6294,16.44,12.41,1.45,5.16,2.4871
30,803,37.38,1.7945,11.16,7.24,0.31,35.54,0.3113
30,804,39.18,2.0472,15.16,24.05,1.35,43.15,0.3407
30,805,34.99,1.8623,23.19,25.11,1.98,37.29,0.5905
30,806,42.14,1.538,17.27,14.22,3.13,48.72,0.3331
30,807,34.8,1.9134,20.71,27.62,0.6,34.94,0.5827
30,808,28.29,2.0933,24.12,21.3,1.36,27.72,0.8294
30,809,49.12,1.6616,20.19,20.74,1.64,41.86,0.4641
30,810,46.71,1.5684,23.47,20.93,0.31,41.71,0.5585
30,811,38.55,2.009,24.75,30.29,4.96,38.41,0.5707
30,812,42.22,1.6016,11.13,7.5,1.81,41.97,0.2542
30,813,47.95,1.9855,11.24,8.14,1.84,50.15,0.2162
30,814,58.72,1.6113,17.1,25.27,1.26,68.07,0.2466
30,815,22.69,2.492,10.79,20.21,0.74,18.97,0.5474
30,816,10.35,1.5332,13.14,20.48,0.75,11.5,1.0727
30,817,47.46,2.0351,18.94,17.87,4.04,48.1,0.3633
30,818,50.11,2.4817,21.45,21.89,2.2,47.53,0.4313
30,819,6.21,1.8632,11.79,14.41,3.15,7.28,1.1304
30,820,43.6,1.8297,21.11,28.48,2.11,41.67,0.4822
31,821,31.32,2.4899,16.27,16.63,1.27,34.63,0.4532
31,822,20.38,1.5814,16.41,18.33,0.3,20.13,0.8032
31,823,18.36,2.3912,18.99,16.67,2.58,21.62,0.7847
31,824,37.01,1.8445,23.66,22.2,3.22,43.8,0.5032
31,825,13.65,2.2197,20.2,17.4,3.17,14.66,1.1329
31,826,16.07,1.9197,10.12,15.57,1.14,19.09,0.5002
31,827,11.86,2.0874,21.85,24.75,1.2,13.81,1.4557
31,828,14.9,2.113,23.24,27.98,4.93,12.55,1.3295
31,829,14.55,2.0005,12.25,16.84,4.02,13.63,0.6941
31,830,41.07,1.967,12.34,14.85,4.11,36.04,0.3073
31,831,40.74,2.3549,14.91,11.39,1.45,45.81,0.3155
31,832,47.32,1.6453,21.62,21.05,2.45,38.81,0.524
31,833,38.09,1.6527,15.33,16.22,4.2,31.24,0.4326
31,834,26.21,1.87,23.68,26.19,1.6,28.46,0.7878
31,835,33.53,2.4009,18.61,17.04,1.74,32.94,0.5366
31,836,15.52,2.2557,24.38,24.16,2.39,18.26,1.1806
31,837,41.15,2.3713,15.4,18.65,4.18,41.73,0.3354
31,838,16.9,2.2437,16.17,18.16,2.76,14.0,0.9648
31,839,6.44,1.7173,24.69,33.73,4.86,5.7,2.3381
31,840,58.43,1.6428,11.68,12.15,0.73,55.31,0.2084
31,841,58.76,1.9344,16.99,25.65,0.96,57.79,0.2892
31,842,37.24,1.7673,24.79,26.0,3.32,38.17,0.5975
31,843,18.12,2.4549,14.98,11.69,2.55,20.53,0.649
31,844,38.41,2.4132,11.82,10.38,1.35,46.07,0.2493
31,845,42.92,1.8084,21.73,22.45,4.42,39.5,0.4948
31,846,12.38,1.7263,16.37,12.58,2.48,13.68,1.013
31,847,59.45,2.2778,13.67,9.63,1.66,60.67,0.2193
32,848,37.9,2.2055,14.38,14.15,3.48,35.62,0.3678
32,849,15.91,1.8743,11.32,20.14,1.54,14.13,0.7224
32,850,7.63,2.2388,15.9,12.48,1.25,8.52,1.6274
32,851,49.05,1.7071,12.01,13.96,1.85,52.1,0.2226
32,852,34.36,2.2655,22.1,18.41,4.24,36.49,0.5426
32,853,25.04,2.4825,24.35,25.4,3.41,23.25,0.9134
32,854,59.42,1.6577,21.89,20.17,2.7,70.98,0.2971
32,855,27.82,2.1041,22.63,27.86,0.51,22.44,0.9861
32,856,37.13,1.5127,19.24,15.58,0.26,39.41,0.485
32,857,7.01,1.8134,18.7,26.47,0.96,6.32,2.5687
32,858,9.0,1.5787,24.19,20.99,2.27,7.56,2.4608
32,859,37.91,2.1799,22.92,18.86,3.3,34.72,0.6028
32,860,41.1,2.1131,20.24,29.29,2.77,42.51,0.447
32,861,47.6,1.7487,23.53,23.98,3.47,51.88,0.4251
32,862,7.33,2.0815,24.51,27.39,0.87,6.22,3.457
32,863,37.29,1.8449,18.12,13.83,0.42,41.79,0.4293
32,864,55.24,2.2566,13.25,9.71,4.16,61.1,0.203
32,865,57.08,2.2168,19.58,17.56,4.44,47.38,0.3778
32,866,5.76,2.1955,18.28,15.22,2.33,5.7,2.2765
32,867,30.36,1.8884,16.77,25.93,4.15,34.81,0.4304
32,868,53.86,1.77,13.92,15.29,0.42,57.08,0.2421
32,869,8.58,1.6354,19.46,28.34,0.99,10.09,1.7563
32,870,15.3,1.8098,15.38,21.98,1.39,16.76,0.8474
32,871,31.45,1.5289,18.07,21.79,0.55,34.24,0.5194
32,872,49.4,1.9119,16.06,24.17,3.8,59.12,0.2552
32,873,23.34,1.911,13.06,22.4,1.04,22.36,0.5581
32,874,14.07,1.7851,14.36,14.51,2.41,11.3,1.0474
33,875,34.2,2.2938,19.05,26.29,1.51,33.46,0.5448
33,876,23.41,2.3359,14.82,10.32,3.85,19.61,0.6317
33,877,36.64,1.5517,21.3,21.64,1.85,40.24,0.5061
33,878,17.77,2.2288,15.96,14.61,3.8,20.77,0.6496
33,879,39.82,1.6729,16.41,16.55,3.49,40.06,0.3768
33,880,49.58,2.2222,12.26,21.75,3.17,42.38,0.2692
33,881,31.34,1.7589,20.82,21.96,3.83,27.34,0.6679
33,882,48.65,1.957,12.37,12.0,1.81,49.63,0.2405
33,883,10.84,1.6127,21.16,23.63,0.59,11.1,1.8101
33,884,8.74,2.4037,20.47,28.96,4.56,9.89,1.4166
33,885,35.9,1.8061,14.91,18.29,1.28,32.43,0.4423
33,886,30.21,1.7331,23.85,31.18,3.05,31.21,0.6961
33,887,31.33,1.6866,13.73,13.98,4.5,27.26,0.4323
33,888,24.83,1.5283,12.6,12.2,0.9,28.18,0.4333
33,889,24.91,2.3746,14.88,14.22,1.26,24.11,0.5865
33,890,38.34,2.2617,19.41,23.8,2.84,36.18,0.4974
33,891,44.19,2.1113,15.64,13.58,1.1,38.5,0.3949
33,892,55.77,2.2623,20.2,23.29,2.54,50.2,0.383
33,893,34.39,2.299,24.76,22.27,0.42,31.54,0.7747
33,894,13.76,2.2916,16.2,24.79,4.79,13.66,0.878
33,895,41.75,1.935,10.87,13.29,2.9,47.05,0.2176
33,896,50.2,1.7371,17.22,14.23,1.79,52.06,0.3198
33,897,20.68,1.5555,11.52,21.21,0.26,20.08,0.5664
33,898,32.71,1.6468,12.17,21.64,2.87,28.73,0.3851
33,899,46.82,1.5235,11.66,7.87,2.03,44.45,0.2509
33,900,27.38,1.8006,23.78,20.13,3.37,24.87,0.8421
33,901,51.82,2.0716,12.24,9.19,2.41,61.01,0.193
34,902,53.51,1.5839,13.38,14.52,2.7,54.1,0.2356
34,903,22.72,1.7079,19.37,15.89,4.05,21.21,0.7668
34,904,57.75,2.0201,17.82,22.54,2.15,50.33,0.3396
34,905,36.76,2.1652,23.23,18.76,3.64,43.5,0.4928
34,906,28.36,2.1233,18.2,18.49,3.41,31.81,0.5168
34,907,34.97,1.9886,11.26,8.44,0.79,41.32,0.2674
34,908,47.88,2.1599,12.51,17.51,2.71,40.35,0.2905
34,909,31.65,2.374,10.16,14.33,4.46,25.81,0.3356
34,910,51.48,2.3639,18.62,26.91,3.08,59.51,0.2975
34,911,34.95,2.4676,11.75,17.75,4.98,33.38,0.3063
34,912,38.33,1.556,23.06,21.04,2.66,45.07,0.4831
34,913,28.0,1.8584,17.79,26.2,2.34,27.46,0.597
34,914,49.78,2.0337,19.87,26.33,1.86,40.95,0.4641
34,915,13.51,1.7853,20.1,20.39,1.59,12.24,1.4534
34,916,21.36,2.0279,23.27,21.38,1.28,24.35,0.9079
34,917,38.49,1.7923,20.6,29.75,2.25,36.06,0.5377
34,918,59.9,1.5035,22.36,17.79,0.38,53.6,0.4142
34,919,27.86,2.2306,13.56,15.04,3.22,31.37,0.392
34,920,22.1,2.4823,10.94,7.12,3.62,24.11,0.3945
34,921,14.29,2.0115,23.81,25.17,0.69,16.83,1.359
34,922,4.34,1.9641,23.63,19.15,0.37,3.66,5.8635
34,923,25.48,2.4402,23.01,18.31,3.54,30.31,0.6798
34,924,4.96,2.4477,10.15,19.99,2.0,5.88,1.2881
34,925,13.01,1.6812,19.56,23.01,2.94,15.4,1.0665
34,926,39.77,2.347,16.21,22.87,2.82,45.61,0.3347
34,927,57.38,2.1754,10.05,6.46,2.86,50.17,0.1895
34,928,18.27,1.8049,16.31,11.61,1.96,19.54,0.7586
35,929,34.09,1.9441,22.42,21.91,3.26,40.27,0.515
35,930,51.02,1.926,12.66,14.53,3.31,51.39,0.2314
35,931,55.95,1.9073,18.69,17.8,4.99,50.9,0.3344
35,932,5.82,2.3209,21.95,18.31,1.56,6.92,2.5884
35,933,24.25,2.1014,18.41,25.81,3.15,23.32,0.6955
35,934,52.29,1.6811,24.26,32.8,2.84,55.5,0.4158
35,935,51.0,2.4445,12.54,12.45,1.55,45.43,0.2669
35,936,4.23,1.8429,20.42,16.77,4.85,3.99,2.31
35,937,13.51,1.6063,24.96,20.34,4.56,12.59,1.4554
35,938,29.85,1.7048,13.01,20.71,1.68,31.46,0.3926
35,939,25.68,2.409,12.6,11.28,4.86,21.48,0.4784
35,940,28.44,2.0818,14.96,16.67,2.73,25.1,0.5375
35,941,40.67,1.5434,18.28,13.44,0.57,35.33,0.5092
35,942,35.63,2.2033,20.02,19.31,1.21,34.38,0.5625
35,943,40.61,2.4951,10.06,12.59,4.7,47.97,0.191
35,944,19.78,1.882,11.68,21.23,0.69,20.66,0.5471
35,945,44.09,2.262,10.68,8.13,1.5,39.53,0.2603
35,946,7.49,1.6795,23.72,22.48,0.84,7.77,2.7549
35,947,34.44,1.5991,10.77,7.09,1.76,35.29,0.2907
35,948,42.8,2.0321,15.81,19.56,2.31,46.81,0.3219
35,949,46.42,1.9192,17.06,12.38,1.66,39.21,0.4174
35,950,14.48,2.0042,13.53,23.17,4.28,17.14,0.6317
35,951,50.9,1.8638,18.53,19.48,0.6,61.0,0.3008
35,952,32.46,1.8452,10.07,8.96,1.13,36.68,0.2663
35,953,32.26,2.4165,22.61,23.6,3.23,34.52,0.5989
35,954,13.53,1.6898,10.48,7.67,4.65,14.42,0.5496
35,955,51.02,1.8604,24.73,33.91,2.28,49.77,0.4751
36,956,17.11,1.9119,11.64,6.97,3.65,16.65,0.5734
36,957,50.34,1.5247,23.99,23.85,3.46,59.91,0.3786
36,958,57.89,1.7349,12.22,20.03,0.73,61.92,0.1951
36,959,22.82,1.6698,17.26,22.79,3.01,21.35,0.7085
36,960,20.43,1.7115,11.42,6.68,1.51,17.87,0.5893
36,961,45.82,1.8255,20.75,22.46,3.42,37.05,0.5127
36,962,45.36,2.4588,12.52,8.73,4.35,47.2,0.2429
36,963,43.88,1.8171,20.36,21.34,2.81,48.65,0.3956
36,964,7.62,2.1211,18.36,27.39,1.37,7.33,2.1103
36,965,20.32,1.7344,11.71,6.72,2.78,18.89,0.5404
36,966,16.32,2.4712,15.24,13.86,3.7,14.45,0.8397
36,967,34.04,2.3354,19.51,21.0,3.18,39.92,0.4527
36,968,32.71,1.8058,12.8,18.8,2.43,27.52,0.4274
36,969,15.07,1.9796,18.5,23.21,4.47,15.5,0.9264
36,970,29.05,2.1591,17.4,14.68,0.49,34.41,0.4986
36,971,14.23,1.8112,22.95,23.16,2.67,16.26,1.2124
36,972,21.36,1.8928,22.49,19.65,1.94,22.89,0.9058
36,973,35.66,1.9363,12.96,11.47,2.81,41.38,0.2933
36,974,18.61,2.3678,10.31,12.59,3.31,22.31,0.4024
36,975,52.87,1.7973,15.72,13.33,1.47,49.03,0.3113
36,976,38.78,1.6643,22.19,23.16,4.27,34.86,0.5671
36,977,4.98,2.1192,18.51,28.27,2.43,5.25,2.4102
36,978,46.79,1.5838,21.0,19.12,1.01,43.21,0.4749
36,979,38.01,1.6852,12.61,9.92,3.23,33.92,0.3394
36,980,53.78,1.555,18.23,13.55,1.09,43.18,0.4118
36,981,59.33,2.1588,17.06,14.47,1.99,62.87,0.263
36,982,53.44,1.6841,11.82,7.08,4.24,45.76,0.2364
37,983,55.37,1.9594,24.4,32.44,0.62,64.97,0.372
37,984,16.33,2.3364,23.05,27.82,3.53,18.12,1.0647
37,985,18.7,1.8286,24.03,22.67,0.76,17.89,1.2885
37,986,57.76,1.835,22.83,20.48,3.95,63.48,0.3386
37,987,55.12,2.2549,23.32,22.35,1.33,62.43,0.3657
37,988,14.55,2.2845,23.4,21.34,3.08,16.49,1.1957
37,989,5.08,1.6122,14.21,17.67,4.96,4.8,1.4559
37,990,46.16,2.1578,17.95,21.83,3.01,45.1,0.3731
37,991,12.71,2.0959,15.01,10.2,1.44,10.64,1.2425
37,992,42.41,1.929,20.42,19.74,4.36,35.52,0.512
37,993,47.73,2.4915,20.24,18.3,2.77,54.53,0.3532
37,994,13.38,1.7655,20.68,22.17,2.37,11.21,1.5228
37,995,24.77,2.209,19.85,15.24,1.32,21.02,0.8885
37,996,56.08,2.0518,14.99,13.45,4.03,66.08,0.2138
37,997,45.86,2.2305,18.25,19.74,0.47,41.41,0.4358
37,998,19.11,1.9113,11.94,18.41,1.41,21.87,0.5129
37,999,50.54,1.782,11.25,16.48,2.85,48.39,0.2196
37,1000,20.95,1.9607,15.62,24.29,1.45,19.31,0.7524
37,1001,30.26,2.3738,23.34,23.09,0.5,31.26,0.7349
37,1002,34.96,2.3594,15.21,15.89,0.73,30.99,0.4795
37,1003,48.96,1.8996,21.38,19.98,1.15,40.42,0.5143
37,1004,23.96,2.1011,16.07,12.66,2.89,23.54,0.608
37,1005,57.38,2.3505,10.45,16.66,0.94,58.25,0.1766
37,1006,47.72,1.8147,24.53,27.76,2.54,40.72,0.567
37,1007,15.44,2.2667,10.32,13.68,1.65,12.41,0.734
37,1008,17.28,1.735,23.81,29.47,2.25,16.66,1.2591
37,1009,35.08,1.7435,24.09,20.48,0.5,34.69,0.6846
38,1010,31.53,1.5184,15.67,19.5,0.95,30.56,0.4973
38,1011,35.21,2.3886,12.0,12.23,1.8,29.72,0.3807
38,1012,27.78,1.5178,17.24,18.16,0.41,28.92,0.5878
38,1013,29.42,1.9079,10.61,20.6,2.61,25.67,0.3752
38,1014,10.74,1.6436,19.92,27.93,3.39,10.52,1.4321
38,1015,38.32,2.1883,17.13,23.59,2.69,40.53,0.3963
38,1016,38.32,2.2192,17.8,23.4,3.3,34.36,0.4727
38,1017,4.08,2.06,24.58,22.34,3.06,3.59,3.6962
38,1018,7.95,2.2728,19.13,24.9,1.44,9.15,1.8064
38,1019,28.85,1.7849,22.92,18.1,4.51,24.12,0.8006
38,1020,20.05,2.4723,15.6,21.23,2.9,18.57,0.7266
38,1021,56.71,2.3495,17.68,21.11,4.26,58.37,0.2823
38,1022,59.1,1.791,17.36,17.7,4.02,51.26,0.314
38,1023,39.36,1.5857,14.38,10.28,4.75,46.38,0.2812
38,1024,43.87,2.2417,17.12,16.04,2.62,39.43,0.4071
38,1025,58.72,2.2966,12.27,15.25,2.21,51.42,0.2288
38,1026,15.85,2.0569,14.71,12.96,3.99,17.42,0.6871
38,1027,16.41,1.7199,24.31,32.77,4.75,14.36,1.2721
38,1028,15.87,1.8402,24.35,32.14,1.76,13.88,1.5569
38,1029,54.93,2.3279,23.07,18.64,1.03,58.38,0.3883
38,1030,40.61,1.5949,24.89,32.73,1.76,35.95,0.66
38,1031,8.41,1.7769,13.52,12.54,1.43,7.83,1.46
38,1032,49.94,1.6839,10.2,5.59,2.46,59.48,0.1647
38,1033,48.27,1.9901,18.89,22.42,0.66,49.59,0.3759
38,1034,49.6,2.2682,23.19,28.43,4.06,50.96,0.4215
38,1035,48.28,2.1971,10.21,7.18,4.98,43.69,0.2098
38,1036,16.46,2.2091,21.12,25.13,0.65,14.83,1.3643
39,1037,39.22,2.2622,22.78,29.43,4.41,45.63,0.4552
39,1038,49.28,2.3947,24.49,25.08,0.31,41.93,0.5798
39,1039,26.17,1.7715,11.85,13.92,1.64,24.21,0.4584
39,1040,13.77,2.089,13.88,13.45,1.46,11.68,1.0563
39,1041,13.83,1.7472,15.96,12.65,4.88,13.78,0.8553
39,1042,8.15,1.5347,15.98,15.79,2.48,9.76,1.3056
39,1043,26.16,2.1246,22.47,22.63,4.82,22.27,0.8295
39,1044,32.68,1.7791,16.39,16.28,1.02,32.11,0.4947
39,1045,33.74,1.6464,18.75,21.52,0.91,30.85,0.5904
39,1046,52.69,1.5723,17.86,15.03,4.41,48.41,0.3381
39,1047,21.12,2.3848,20.05,24.11,3.69,22.12,0.7768
39,1048,29.76,2.2824,19.65,24.87,1.72,24.6,0.7466
39,1049,32.9,1.846,24.27,22.53,3.44,34.93,0.6325
39,1050,9.8,1.7535,20.05,16.48,4.62,10.52,1.3243
39,1051,46.81,2.3399,23.97,23.85,1.64,48.62,0.4769
39,1052,10.87,2.4631,13.82,20.77,0.83,12.34,1.0494
39,1053,32.88,1.877,10.54,14.39,4.63,37.47,0.2504
39,1054,11.8,2.0802,17.1,25.54,4.47,12.92,0.9833
39,1055,55.82,1.9468,10.72,6.72,1.07,57.11,0.1843
39,1056,14.36,1.5389,22.47,19.98,0.42,16.62,1.3187
39,1057,7.93,2.4803,12.75,20.86,3.18,7.71,1.1708
39,1058,52.25,1.6507,11.4,8.07,1.57,60.98,0.1823
39,1059,8.37,1.9274,23.48,31.51,2.78,9.95,1.8445
39,1060,48.08,2.4632,11.2,10.73,3.61,45.21,0.2294
39,1061,19.31,2.0774,10.52,18.3,4.68,22.89,0.3816
39,1062,56.12,2.2622,13.06,13.42,2.72,65.0,0.1929
39,1063,48.22,1.6953,14.98,11.38,3.1,40.76,0.3415
40,1064,51.19,1.7585,24.4,19.47,1.6,46.76,0.5045
40,1065,10.68,1.6028,18.9,16.43,0.62,12.23,1.4708
40,1066,27.76,2.4157,15.98,18.57,2.62,23.2,0.6189
40,1067,40.51,1.9869,23.74,22.91,4.0,40.52,0.5332
40,1068,58.97,2.3311,13.82,17.94,4.58,52.1,0.2438
40,1069,56.88,1.5193,12.24,16.45,4.84,53.48,0.2099
40,1070,16.14,2.0855,19.86,15.31,1.9,13.56,1.2846
40,1071,27.46,2.3148,13.67,14.05,4.47,25.14,0.4617
40,1072,26.9,2.024,10.39,9.78,0.89,22.31,0.4478
40,1073,14.62,1.8379,12.88,15.03,0.62,15.52,0.798
40,1074,25.53,2.1726,13.35,19.29,3.05,28.82,0.4189
40,1075,26.74,2.4847,24.49,22.81,3.91,29.47,0.7337
40,1076,53.3,2.4641,21.98,20.8,1.79,46.47,0.4554
40,1077,23.45,2.4314,19.49,15.34,0.94,21.82,0.8563
40,1078,35.53,1.6872,24.58,20.89,4.05,34.89,0.6312
40,1079,45.87,1.7816,18.12,23.25,0.34,44.4,0.405
40,1080,58.26,2.1946,18.44,25.95,3.67,67.47,0.2592
40,1081,43.17,2.2351,14.55,18.92,1.63,44.25,0.3171
40,1082,17.96,2.317,22.44,25.94,0.77,18.26,1.1792
40,1083,19.82,1.8235,10.95,13.2,1.92,21.11,0.4755
40,1084,24.79,2.146,20.11,27.63,1.94,20.96,0.8782
40,1085,40.79,1.78,16.22,14.49,0.39,44.13,0.3643
40,1086,21.3,1.8153,20.3,17.75,0.54,23.05,0.8605
40,1087,34.09,1.9692,19.55,23.86,2.68,29.19,0.6134
40,1088,12.77,2.1394,16.14,16.44,4.4,14.47,0.8553
40,1089,53.31,2.1068,10.23,5.88,4.34,57.84,0.1645
40,1090,7.9,1.9964,14.66,18.02,2.5,7.43,1.4763
